test	seed	status	log
eth_reg_default_test	1	FAIL	regress_out/log/eth_reg_default_test_1.log
eth_reg_rw_test	1	FAIL	regress_out/log/eth_reg_rw_test_1.log
full_100M_normal_uni_test	1	FAIL	regress_out/log/full_100M_normal_uni_test_1.log
full_10M_normal_uni_test	1	FAIL	regress_out/log/full_10M_normal_uni_test_1.log
full_100M_normal_bro_test	1	FAIL	regress_out/log/full_100M_normal_bro_test_1.log
full_10M_normal_bro_test	1	FAIL	regress_out/log/full_10M_normal_bro_test_1.log
full_100M_normal_multi_test	1	FAIL	regress_out/log/full_100M_normal_multi_test_1.log
full_10M_normal_multi_test	1	FAIL	regress_out/log/full_10M_normal_multi_test_1.log
full_100M_normal_pro_test	1	FAIL	regress_out/log/full_100M_normal_pro_test_1.log
full_10M_normal_pro_test	1	FAIL	regress_out/log/full_10M_normal_pro_test_1.log
full_100M_rx_pause_test	1	FAIL	regress_out/log/full_100M_rx_pause_test_1.log
full_10M_rx_pause_test	1	FAIL	regress_out/log/full_10M_rx_pause_test_1.log
full_100M_tx_pause_test	1	FAIL	regress_out/log/full_100M_tx_pause_test_1.log
full_10M_tx_pause_test	1	FAIL	regress_out/log/full_10M_tx_pause_test_1.log
int_tx_done_100M_test	1	FAIL	regress_out/log/int_tx_done_100M_test_1.log
int_tx_done_10M_test	1	FAIL	regress_out/log/int_tx_done_10M_test_1.log
int_tx_err_100M_test	1	FAIL	regress_out/log/int_tx_err_100M_test_1.log
int_tx_err_10M_test	1	FAIL	regress_out/log/int_tx_err_10M_test_1.log
int_rx_avail_100M_test	1	FAIL	regress_out/log/int_rx_avail_100M_test_1.log
int_rx_avail_10M_test	1	FAIL	regress_out/log/int_rx_avail_10M_test_1.log
int_rx_busy_100M_test	1	FAIL	regress_out/log/int_rx_busy_100M_test_1.log
int_rx_busy_10M_test	1	FAIL	regress_out/log/int_rx_busy_10M_test_1.log
int_rx_err_100M_test	1	FAIL	regress_out/log/int_rx_err_100M_test_1.log
int_rx_err_10M_test	1	FAIL	regress_out/log/int_rx_err_10M_test_1.log
int_rx_pause_seen_100M_test	1	FAIL	regress_out/log/int_rx_pause_seen_100M_test_1.log
int_rx_pause_seen_10M_test	1	FAIL	regress_out/log/int_rx_pause_seen_10M_test_1.log
